<?xml version="1.0" encoding="UTF-8"?>
<!DOCTYPE list SYSTEM "ex1.dtd">
<list>
	<recipe>
		<autor>Carol Schimidt</autor>
		<recipe_name>Chocolate Chips Bars</recipe_name>
		<meal>Dinner</meal>
		<ingredients>
			<item>2/3 C butter</item>
			<item>2 C brown sugar</item>
			<item>1 tsp vanilla</item>
			<item>1 3/4 unsifted all-purpose flour</item>
			<item>1 1/2 tsp baking powder</item>
			<item>1/2 tsp salt</item>
			<item>3 eggs</item>
			<item>1/2 C chopped nuts</item>
			<item>2 cups (12-oz pkg.) semi-sweet choc. chips</item>
		</ingredients>

		<directions>
			Preheat oven to 350 degrees.
			Melt butter; combine with brown sugar and vanilla in large mixing bowl.
			Set aside to cool.  Combine flour, baking powder, and salt; set aside.
			Add eggs to cooled sugar mixture; beat well.
			Stir in reserverd dry ingredients, nuts, and chips.
			Spread in greased 13-by-9-inch pan.
			Bake for 25 to 30 minutes until golden brown; cool. Cut into squares
		</directions>
	</recipe>
</list>



