<?xml version="1.0" encoding="UTF-8"?>
<!DOCTYPE list SYSTEM "ex2.dtd">

<DatabaseInventory>
	
	<DatabaseName>
		<GlobalDatabaseName>Oracle</GlobalDatabaseName>
		<OracleSID>OracleSID</OracleSID>
		<DatabaseDomain>Dominio</DatabaseDomain>
		<Administrator EmailAlias="Riky">Administrador</Administrator>
		<Administrator Extension="Riky">Administrador</Administrator>
		<DatabaseAttributes Type="Production">Atributos de la base de datos</DatabaseAttributes>
		<DatabaseAttributes Version="9i">Atributos de la base de datos</DatabaseAttributes>
		<Comments></Comments>
	</DatabaseName>

</DatabaseInventory>